{
  "project_info": {
    "project_number": "956687619151",
    "firebase_url": "https://holdor-v001.firebaseio.com",
    "project_id": "holdor-v001",
    "storage_bucket": "holdor-v001.appspot.com"
  },
  "client": [
    {
      "client_info": {
        "mobilesdk_app_id": "1:956687619151:android:f86f4aefae9282bf78863a",
        "android_client_info": {
          "package_name": "com.example.holdor"
        }
      },
      "oauth_client": [
        {
          "client_id": "956687619151-ap0s36apnqdd46i9irk03gs50u4brr9g.apps.googleusercontent.com",
          "client_type": 1,
          "android_info": {
            "package_name": "com.example.holdor",
            "certificate_hash": "56fb1a528fb33ce7871f41a796448fee3cb21f94"
          }
        },
        {
          "client_id": "956687619151-0ri3k2sspl2f1gsa5v9e1dabs1644im0.apps.googleusercontent.com",
          "client_type": 3
        }
      ],
      "api_key": [
        {
          "current_key": "AIzaSyAvFy6wSZgdTH-r-m03j36OyBGXFj-hixA"
        }
      ],
      "services": {
        "appinvite_service": {
          "other_platform_oauth_client": [
            {
              "client_id": "956687619151-0ri3k2sspl2f1gsa5v9e1dabs1644im0.apps.googleusercontent.com",
              "client_type": 3
            }
          ]
        }
      }
    }
  ],
  "configuration_version": "1"
}